data_1,data_2,data_3,data_4,data_5,data_6,data_7,data_8,data_9,data_10,data_11,data_12,data_13,data_14,data_15,data_16,data_17,data_18,data_19,data_20
32.344177,15.971979,0.036608648,0.0020429036,0.0009936714,0.00091022765,0.0016436487,0.0049918857,0.015204209,0.048589963,0.90367025,138.96489,85.82379,47.167446,26.192831,11.913462,5.8735986,3.6660824,1.5135211,0.89025927
