$\alpha$,$\beta$,$\gamma$,$\delta$
0.6121071,0.031794626,0.3047463,0.06535399
