data_1,data_2,data_3,data_4,data_5,data_6,data_7,data_8,data_9,data_10,data_11,data_12,data_13,data_14,data_15,data_16,data_17,data_18,data_19,data_20
28.042044,1.9531726,0.21988007,2.20678,58.757126,0.54982424,0.29284152,3.7450337,90.39953,0.30598134,1.0099598,70.00583,9.464878,2.1306915,1.3520025,48.967506,6.962935,1.2124417,4.3824215,34.798187
