$\alpha$,$\beta$,$\gamma$,$\delta$
1.6093667,0.09235694,0.8687839,0.04900102
