parameter_1,parameter_2,parameter_3
2.021974,-0.5240457,0.49777335
