data_1,data_2,data_3,data_4,data_5,data_6,data_7,data_8,data_9,data_10,data_11,data_12,data_13,data_14,data_15,data_16,data_17,data_18,data_19,data_20
28.327707,9.841637,0.36925948,8.517024,222.10094,0.3818128,1.8025916,50.6364,1.2301033,0.49152768,1.0977314,188.30965,17.774187,1.8402379,10.49203,47.4454,4.03823,1.0062109,122.2572,11.97155
