$\alpha$,$\beta$,$\gamma$,$\delta$
1.7114433,0.04582065,1.1430233,0.03061325
