parameter_1,parameter_2,parameter_3
0.9075101,0.158278,-0.7572479
