parameter_1,parameter_2,parameter_3
2.235497,1.3826544,1.3760078
