parameter_1,parameter_2,parameter_3
0.9358455,0.2406469,0.36761737
