data_1,data_2,data_3,data_4,data_5,data_6,data_7,data_8,data_9,data_10,data_11,data_12,data_13,data_14,data_15,data_16,data_17,data_18,data_19,data_20
28.409195,0.024487404,0.013862079,0.15371086,2.0777993,27.242086,0.033971094,0.013539021,0.14302893,2.0024476,0.92393726,92.90904,11.664676,1.3141837,0.22038043,0.89783144,82.83871,10.6908,1.5136728,0.23094524
