$\alpha$,$\beta$,$\gamma$,$\delta$
1.2839797,0.043068074,0.9920346,0.16432321
