data_1,data_2,data_3,data_4,data_5,data_6,data_7,data_8,data_9,data_10,data_11,data_12,data_13,data_14,data_15,data_16,data_17,data_18,data_19,data_20
26.823849,74.294525,20.77021,9.509964,23.442358,60.92354,60.93208,9.791086,19.611305,48.740086,0.95071965,2.8632853,42.51861,7.143687,1.3856144,1.4497356,43.62698,12.156234,2.0393138,0.97334987
