$\alpha$,$\beta$,$\gamma$,$\delta$
0.4948052,0.03990558,1.4078596,0.038362093
