data_1,data_2,data_3,data_4,data_5,data_6,data_7,data_8,data_9,data_10,data_11,data_12,data_13,data_14,data_15,data_16,data_17,data_18,data_19,data_20
30.845816,44.304943,0.37342387,0.26366156,1.0819179,6.937475,27.520237,23.750736,0.38354558,0.27876607,1.0930972,57.185394,38.652145,10.4708395,3.0710845,1.0583404,1.0709348,87.54828,30.018318,9.075891
