$\alpha$,$\beta$,$\gamma$,$\delta$
0.89236045,0.050857212,0.6228838,0.042589653
