parameter_1,parameter_2,parameter_3
0.26918495,1.9401639,0.9125125
