parameter_1,parameter_2,parameter_3
1.2294707,0.5463486,0.56792593
