parameter_1,parameter_2,parameter_3
0.74033487,0.83271277,0.54678345
