data_1,data_2,data_3,data_4,data_5,data_6,data_7,data_8,data_9,data_10,data_11,data_12,data_13,data_14,data_15,data_16,data_17,data_18,data_19,data_20
29.734663,4.1044574,0.036832895,0.036506984,0.18278632,1.1456177,7.9278464,42.612564,0.39889073,0.029740622,0.9461495,289.41702,74.11888,15.668386,4.755319,1.0297035,0.45974034,3.2384312,217.25319,47.812843
