$\alpha$,$\beta$,$\gamma$,$\delta$
0.9212362,0.021493306,0.6662275,0.072023585
