data_1,data_2,data_3,data_4,data_5,data_6,data_7,data_8,data_9,data_10,data_11,data_12,data_13,data_14,data_15,data_16,data_17,data_18,data_19,data_20
28.166292,5.1934667,0.44727644,4.985511,118.785286,0.63844764,1.3064096,17.208628,27.006027,0.45621365,1.0218784,75.4246,10.062441,1.5259079,4.2551246,29.981726,4.7508807,0.814504,97.804085,11.885506
