$\alpha$,$\beta$,$\gamma$,$\delta$
1.4349092,0.07648349,1.0084107,0.046528008
