data_1,data_2,data_3,data_4,data_5,data_6,data_7,data_8,data_9,data_10,data_11,data_12,data_13,data_14,data_15,data_16,data_17,data_18,data_19,data_20,data_21,data_22,data_23,data_24,data_25,data_26,data_27,data_28,data_29,data_30,data_31,data_32,data_33,data_34,data_35,data_36,data_37,data_38,data_39,data_40,data_41,data_42,data_43,data_44,data_45,data_46,data_47,data_48,data_49,data_50,data_51,data_52,data_53,data_54,data_55,data_56,data_57,data_58,data_59,data_60,data_61,data_62,data_63,data_64,data_65,data_66,data_67,data_68,data_69,data_70,data_71,data_72,data_73,data_74,data_75,data_76,data_77,data_78,data_79,data_80,data_81,data_82,data_83,data_84,data_85,data_86,data_87,data_88,data_89,data_90,data_91,data_92,data_93,data_94,data_95,data_96,data_97,data_98,data_99,data_100
0.87188333,-0.5413519,-0.95353323,-0.75546926,-0.8206358,-0.60260177,-0.89190876,-0.54823005,-0.70460194,-1.9399209,1.2946717,0.97342813,-0.44996223,0.7849784,-0.4547212,-0.9105185,-1.5215594,-1.416714,1.3279542,-0.9232653,-0.47888735,-0.7606834,1.0494574,-0.51800716,-0.5849739,-1.5613133,-0.7476883,0.7046259,0.6978117,-0.74689305,-0.51128227,-1.036646,1.5079437,-0.6513833,-0.8460461,0.64869547,-0.66737336,1.7091289,0.8750896,-0.61303777,0.7196913,-0.48702475,-0.89350915,-2.0458846,-1.009247,-0.7238626,-1.214421,0.7332032,-1.098463,1.0495199,-0.6516463,-0.6589126,-0.73291975,-0.98350435,-0.5068952,0.5196124,-0.7825202,-0.81641304,0.8008434,0.82822,1.1270814,-1.663706,-1.9200013,-0.60983,-0.92476743,-0.6312829,1.054459,1.1099116,2.831866,-0.5700644,-3.448247,0.8799623,-0.80854505,1.7093457,-0.5558246,1.0617174,-1.3534373,-1.2129737,3.5477633,1.0896204,-0.84298384,-0.56442904,1.2638397,-0.62699085,1.1718929,-1.4209667,1.2317648,-0.6069758,1.0359557,-3.091613,0.5087896,-1.114331,-1.5945644,-1.0064917,0.88916874,-0.49131548,-0.7907878,-1.3274399,1.3591831,-0.99352086
