data_1,data_2,data_3,data_4,data_5,data_6,data_7,data_8,data_9,data_10,data_11,data_12,data_13,data_14,data_15,data_16,data_17,data_18,data_19,data_20
28.228653,0.17389897,0.14561334,2.9502501,63.44986,0.069194555,0.3574464,6.87263,11.142553,0.0757577,0.8218287,69.91993,7.220899,1.0622156,9.10982,33.99691,3.9939163,0.5719071,140.91083,22.923626
