$\alpha$,$\beta$,$\gamma$,$\delta$
1.6368088,0.060284942,1.0650309,0.09225905
