parameter_1,parameter_2,parameter_3
1.9175937,1.7225301,1.7050445
