parameter_1,parameter_2,parameter_3
0.37050164,1.9907218,-0.95073485
