parameter_1,parameter_2,parameter_3
1.1011845,0.62095326,0.83236873
