data_1,data_2,data_3,data_4,data_5,data_6,data_7,data_8,data_9,data_10,data_11,data_12,data_13,data_14,data_15,data_16,data_17,data_18,data_19,data_20
31.675802,13.836491,0.33251184,0.44132668,1.3219433,4.3038073,19.488537,52.691917,0.6538454,0.3026834,1.0501034,93.60488,24.830265,6.3542275,1.4247282,0.5591687,0.49614698,22.193764,41.664185,8.602927
