$\alpha$,$\beta$,$\gamma$,$\delta$
0.65556705,0.04311805,0.7342541,0.07395951
