data_1,data_2,data_3,data_4,data_5,data_6,data_7,data_8,data_9,data_10,data_11,data_12,data_13,data_14,data_15,data_16,data_17,data_18,data_19,data_20
30.199064,0.01818499,0.00088387437,0.0013615746,0.005439574,0.033844326,0.20407288,0.99115884,4.97336,30.638926,0.8691768,65.22657,19.589901,3.8320732,1.121554,0.2987229,0.0743378,0.019006725,0.012935889,1.5778717
