$\alpha$,$\beta$,$\gamma$,$\delta$
0.8269237,0.05702635,0.6727041,0.1888895
