data_1,data_2,data_3,data_4,data_5,data_6,data_7,data_8,data_9,data_10,data_11,data_12,data_13,data_14,data_15,data_16,data_17,data_18,data_19,data_20
26.789465,133.1823,1.9335861,2.4754133,8.919837,57.75432,78.83178,1.7698007,3.8144228,15.4885845,0.93211424,22.106289,77.296974,10.098416,1.9096291,1.3467342,136.14165,41.92341,4.5919075,1.1222469
