$\alpha$,$\beta$,$\gamma$,$\delta$
0.81376314,0.02619301,0.98655045,0.03301171
