data_1,data_2,data_3,data_4,data_5,data_6,data_7,data_8,data_9,data_10,data_11,data_12,data_13,data_14,data_15,data_16,data_17,data_18,data_19,data_20
29.167664,0.14102267,0.00500982,0.010821356,0.09048647,0.9109727,11.645602,7.8125305,0.011340868,0.006967799,1.0162016,41.662,12.174005,3.8538778,1.1620305,0.33259785,0.29447025,52.012245,23.534155,6.9043503
