$\alpha$,$\beta$,$\gamma$,$\delta$
1.2055151,0.11392725,0.57377285,0.10645696
