data_1,data_2,data_3,data_4,data_5,data_6,data_7,data_8,data_9,data_10,data_11,data_12,data_13,data_14,data_15,data_16,data_17,data_18,data_19,data_20
26.58339,3.0452273,0.14235148,0.25088075,1.4244845,6.567315,32.505695,1.2959331,0.09740549,0.32840857,0.86484724,195.37494,33.607037,7.5042644,1.1673008,0.39666224,1.5300013,147.34291,22.957985,4.0982723
