$\alpha$,$\beta$,$\gamma$,$\delta$
0.82756907,0.027359597,0.8263668,0.08771997
