data_1,data_2,data_3,data_4,data_5,data_6,data_7,data_8,data_9,data_10,data_11,data_12,data_13,data_14,data_15,data_16,data_17,data_18,data_19,data_20
27.09627,2.4224248,0.24856243,0.90011406,5.808188,31.926233,1.8435738,0.2361379,0.934464,6.42329,1.0267084,127.44433,18.48339,2.6622045,0.5067342,1.1813205,95.63887,17.186466,2.2826731,0.4540814
