$\alpha$,$\beta$,$\gamma$,$\delta$
0.88067156,0.03493747,0.9749306,0.0921948
