data_1,data_2,data_3,data_4,data_5,data_6,data_7,data_8,data_9,data_10,data_11,data_12,data_13,data_14,data_15,data_16,data_17,data_18,data_19,data_20
37.36669,4.819704,178.38051,24.624897,4.3420296,156.63345,30.347157,4.668928,113.82515,34.11217,1.1609405,13.644277,76.05427,0.9091702,9.66715,91.874756,0.9577311,11.98397,106.00806,0.8383813
