$\alpha$,$\beta$,$\gamma$,$\delta$
2.1472306,0.083205715,3.3924236,0.075007595
