data_1,data_2,data_3,data_4,data_5,data_6,data_7,data_8,data_9,data_10,data_11,data_12,data_13,data_14,data_15,data_16,data_17,data_18,data_19,data_20
32.284336,4.6060925,0.3753758,1.9979013,12.760097,38.03264,0.46851516,1.0319865,5.6748786,49.119198,0.9052661,41.902824,7.7130938,1.5504104,0.6473368,28.154657,13.887816,3.139453,0.697838,4.260248
