$\alpha$,$\beta$,$\gamma$,$\delta$
1.0819324,0.10545173,0.8309297,0.065998726
