parameter_1,parameter_2,parameter_3
1.1624055,0.9508828,-0.8028686
