data_1,data_2,data_3,data_4,data_5,data_6,data_7,data_8,data_9,data_10,data_11,data_12,data_13,data_14,data_15,data_16,data_17,data_18,data_19,data_20
29.86819,1.3030652e-07,1.4730266e-12,1.1461772e-12,3.5631373e-11,5.826553e-09,1.4927589e-06,0.0005701997,0.22341564,117.315994,1.0244482,491.27,181.87732,72.13086,25.137726,11.032343,3.4508867,1.8450587,0.55043966,19.617168
