$\alpha$,$\beta$,$\gamma$,$\delta$
2.899846,0.026048677,0.45323926,0.11693991
