data_1,data_2,data_3,data_4,data_5,data_6,data_7,data_8,data_9,data_10,data_11,data_12,data_13,data_14,data_15,data_16,data_17,data_18,data_19,data_20
29.721699,2.1367648,0.4587323,1.9481766,8.849334,41.441616,0.59790295,0.7236924,3.567627,20.734512,0.95660263,75.96829,9.249293,1.2670532,0.35701707,7.2847204,28.555378,5.3305035,0.7010263,0.37874344
