$\alpha$,$\beta$,$\gamma$,$\delta$
0.83462906,0.054321866,1.0276673,0.095685914
