parameter_1,parameter_2,parameter_3
-0.038864613,0.8452558,0.38486147
