parameter_1,parameter_2,parameter_3
0.074790046,1.5319164,-0.75707006
