parameter_1,parameter_2,parameter_3
1.8099458,1.4980165,-1.6757479
