parameter_1,parameter_2,parameter_3
1.1641033,0.75742257,0.5910908
