parameter_1,parameter_2,parameter_3
1.8713325,2.4507916,-2.032054
