parameter_1,parameter_2,parameter_3
0.056112707,-0.5116694,-0.5491451
