data_1,data_2,data_3,data_4,data_5,data_6,data_7,data_8,data_9,data_10,data_11,data_12,data_13,data_14,data_15,data_16,data_17,data_18,data_19,data_20
28.059532,0.46007115,0.0033585813,0.010415897,0.14600967,2.3159816,47.25494,0.09442426,0.002917022,0.016499858,0.9378821,743.1281,140.39085,29.325188,5.1638136,1.0651914,1.9532993,401.4622,106.21014,20.583414
