$\alpha$,$\beta$,$\gamma$,$\delta$
1.4084954,0.012501549,0.7692157,0.06387033
