data_1,data_2,data_3,data_4,data_5,data_6,data_7,data_8,data_9,data_10,data_11,data_12,data_13,data_14,data_15,data_16,data_17,data_18,data_19,data_20
31.92698,12.382619,3.0628188,28.893694,13.356471,3.2018602,29.77568,10.026507,2.554593,31.205122,1.0244256,28.416199,3.7590084,1.1167306,32.51439,4.3166065,1.0217576,30.672728,3.4817386,0.834153
