$\alpha$,$\beta$,$\gamma$,$\delta$
1.3563815,0.14504907,1.1581073,0.0465745
