data_1,data_2,data_3,data_4,data_5,data_6,data_7,data_8,data_9,data_10,data_11,data_12,data_13,data_14,data_15,data_16,data_17,data_18,data_19,data_20
24.587831,0.46810058,6.8269415e-05,8.953397e-07,1.1643631e-07,6.0569725e-08,8.9284015e-08,1.8222886e-07,5.4995667e-07,2.065017e-06,0.9766639,266.04294,156.72975,96.089584,65.991196,35.11153,19.735367,11.595038,6.8016763,3.7481968
