$\alpha$,$\beta$,$\gamma$,$\delta$
0.7309156,0.023854245,0.24802016,0.10517037
