parameter_1,parameter_2,parameter_3
2.3916256,2.368195,-2.2217507
