parameter_1,parameter_2,parameter_3
0.89609766,1.9921947,1.209126
