data_1,data_2,data_3,data_4,data_5,data_6,data_7,data_8,data_9,data_10,data_11,data_12,data_13,data_14,data_15,data_16,data_17,data_18,data_19,data_20
32.048325,42.312817,0.029752368,0.01816498,0.15650088,2.8035524,59.305393,2.9204063,0.01733325,0.03092077,1.0789186,102.093376,42.21974,13.293307,4.2391586,1.3793935,1.2434834,93.44785,34.58619,8.167229
