$\alpha$,$\beta$,$\gamma$,$\delta$
1.525565,0.062373884,0.5423484,0.024551049
