parameter_1,parameter_2,parameter_3
0.30971792,2.2476435,-1.510297
