data_1,data_2,data_3,data_4,data_5,data_6,data_7,data_8,data_9,data_10,data_11,data_12,data_13,data_14,data_15,data_16,data_17,data_18,data_19,data_20
28.545603,0.19405162,0.0014452112,0.005331662,0.058933236,1.4484609,37.90723,0.20329441,0.0012634326,0.004753974,0.9469808,345.2469,71.961044,18.134945,4.287061,1.0136313,1.0675304,333.89044,70.340645,15.719619
