$\alpha$,$\beta$,$\gamma$,$\delta$
1.4710656,0.023236686,0.6865245,0.0733155
