data_1,data_2,data_3,data_4,data_5,data_6,data_7,data_8,data_9,data_10,data_11,data_12,data_13,data_14,data_15,data_16,data_17,data_18,data_19,data_20
31.04792,9.991538,0.8575523,1.2434827,3.9669893,12.291369,42.03308,1.7293578,0.73135656,2.6675963,1.034946,34.22553,8.548981,2.0426497,0.482352,0.34852067,4.963882,26.240234,4.562842,0.852806
