$\alpha$,$\beta$,$\gamma$,$\delta$
0.6123768,0.07966556,0.8447253,0.07900678
