data_1,data_2,data_3,data_4,data_5,data_6,data_7,data_8,data_9,data_10,data_11,data_12,data_13,data_14,data_15,data_16,data_17,data_18,data_19,data_20
33.169033,113.009605,6.6810412,1.4890327,2.8797607,11.470848,55.545998,80.459694,2.414684,1.507946,1.1084672,5.751187,28.878798,9.263236,3.0421095,1.2145237,1.1935229,24.551296,17.411568,5.8281074
