$\alpha$,$\beta$,$\gamma$,$\delta$
0.8323047,0.0878631,0.57060575,0.020757793
