data_1,data_2,data_3,data_4,data_5,data_6,data_7,data_8,data_9,data_10,data_11,data_12,data_13,data_14,data_15,data_16,data_17,data_18,data_19,data_20
32.090214,29.081776,25.237015,17.2507,14.419294,17.898865,24.639462,26.575949,32.60238,21.10107,1.0147866,2.2967374,4.07205,2.5834484,1.71509,0.7468107,0.80133057,1.1264279,2.733749,4.065572
