$\alpha$,$\beta$,$\gamma$,$\delta$
0.23326409,0.11282319,0.9001546,0.03995523
