data_1,data_2,data_3,data_4,data_5,data_6,data_7,data_8,data_9,data_10,data_11,data_12,data_13,data_14,data_15,data_16,data_17,data_18,data_19,data_20
25.806929,1.1281928,4.878015,111.0025,1.1563064,18.28019,2.3521004,3.3017383,67.219955,0.8991133,0.92561483,130.09837,2.8539035,25.136335,19.12092,1.1200619,177.66974,3.7482347,5.7886424,37.488426
