$\alpha$,$\beta$,$\gamma$,$\delta$
1.5394725,0.025700659,1.994067,0.085060835
