data_1,data_2,data_3,data_4,data_5,data_6,data_7,data_8,data_9,data_10,data_11,data_12,data_13,data_14,data_15,data_16,data_17,data_18,data_19,data_20
35.34575,70.41656,29.002909,3.803938,7.8631268,21.610365,54.8689,94.954666,4.878873,5.9404216,0.98638564,3.976816,103.901474,23.689726,4.326698,1.0399944,1.6336583,44.938805,52.678776,7.2154403
