$\alpha$,$\beta$,$\gamma$,$\delta$
0.525966,0.024582207,0.96662486,0.030472357
