data_1,data_2,data_3,data_4,data_5,data_6,data_7,data_8,data_9,data_10,data_11,data_12,data_13,data_14,data_15,data_16,data_17,data_18,data_19,data_20
30.432283,0.2611947,0.014620853,0.018868348,0.07956678,0.37872922,1.7949587,11.210072,22.082342,0.02803331,0.9079192,34.181023,11.13134,3.8840694,0.8360964,0.37079793,0.11068969,0.13708055,40.39353,27.549253
