$\alpha$,$\beta$,$\gamma$,$\delta$
0.85085505,0.105976656,0.58484817,0.11863993
