parameter_1,parameter_2,parameter_3
0.97009605,1.021337,0.8102662
