parameter_1,parameter_2,parameter_3
2.3246741,0.8339591,1.5173534
