data_1,data_2,data_3,data_4,data_5,data_6,data_7,data_8,data_9,data_10,data_11,data_12,data_13,data_14,data_15,data_16,data_17,data_18,data_19,data_20
30.129614,121.323555,0.61429566,3.855664,50.314304,8.053811,0.6792911,6.003354,95.94404,1.5054226,0.9170905,199.27777,32.912407,3.1525886,1.0902927,222.96628,23.967184,2.0948327,1.6976849,119.90969
