$\alpha$,$\beta$,$\gamma$,$\delta$
1.2807128,0.027419806,1.1677637,0.03152214
