parameter_1,parameter_2,parameter_3
0.96265143,0.89759225,-0.9626343
