parameter_1,parameter_2,parameter_3
0.30549914,1.5224028,-0.76679325
